<?xml version="1.0" encoding="UTF-8"?><MD_Metadata xmlns:xlink="http://www.w3.org/1999/xlink" xmlns:srv="http://www.isotc211.org/2005/srv" xmlns:gts="http://www.isotc211.org/2005/gts" xmlns:xalan="http://xml.apache.org/xalan" xmlns:gco="http://www.isotc211.org/2005/gco" xmlns:gml="http://www.opengis.net/gml" xmlns:xsi="http://www.w3.org/2001/XMLSchema-instance" xmlns="http://www.isotc211.org/2005/gmd">
    <characterSet>
        <MD_CharacterSetCode codeList="http://www.isotc211.org/2005/resources/Codelist/gmxCodelists.xml#MD_CharacterSetCode" codeListValue="utf8" codeSpace="ISOTC211/19115">utf8</MD_CharacterSetCode>
    </characterSet>
    <hierarchyLevel>
        <MD_ScopeCode codeList="http://www.isotc211.org/2005/resources/Codelist/gmxCodelists.xml#MD_ScopeCode" codeListValue="dataset" codeSpace="ISOTC211/19115">dataset</MD_ScopeCode>
    </hierarchyLevel>
    <hierarchyLevelName>
        <gco:CharacterString>dataset</gco:CharacterString>
    </hierarchyLevelName>
    <contact gco:nilReason="missing"/>
    <dateStamp gco:nilReason="missing"/>
    <metadataStandardName>
        <gco:CharacterString>ISO 19139 Geographic Information - Metadata - Implementation Specification</gco:CharacterString>
    </metadataStandardName>
    <metadataStandardVersion>
        <gco:CharacterString>2007</gco:CharacterString>
    </metadataStandardVersion>
    <identificationInfo>
        <MD_DataIdentification>
            <citation>
                <CI_Citation>
                    <title>
                        <gco:CharacterString>Republic of the Congo logging concessions</gco:CharacterString>
                    </title>
                    <date gco:nilReason="missing"/>
                    <identifier>
                        <MD_Identifier>
                            <authority>
                                <CI_Citation>
                                    <title gco:nilReason="missing"/>
                                    <date gco:nilReason="missing"/>
                                    <identifier>
                                        <MD_Identifier>
                                            <authority>
                                                <CI_Citation>
                                                    <title gco:nilReason="missing"/>
                                                    <date gco:nilReason="missing"/>
                                                </CI_Citation>
                                            </authority>
                                            <code gco:nilReason="missing"/>
                                        </MD_Identifier>
                                    </identifier>
                                </CI_Citation>
                            </authority>
                            <code gco:nilReason="missing"/>
                        </MD_Identifier>
                    </identifier>
                    <citedResponsibleParty>
                        <CI_ResponsibleParty>
                            <contactInfo>
                                <CI_Contact>
                                    <onlineResource>
                                        <CI_OnlineResource>
                                            <linkage>
                                                <URL>withheld</URL>
                                            </linkage>
                                        </CI_OnlineResource>
                                    </onlineResource>
                                </CI_Contact>
                            </contactInfo>
                        </CI_ResponsibleParty>
                    </citedResponsibleParty>
                    <otherCitationDetails>
                        <gco:CharacterString>MEF, CNIAF, WRI. "Republic of Congo logging concessions." Accessed through Global Forest Watch on [date]. www.globalforestwatch.org </gco:CharacterString>
                    </otherCitationDetails>
                </CI_Citation>
            </citation>
            <abstract>
                <gco:CharacterString>Forest concession data for the Republic of the Congo provide the boundaries of areas permitted for selective logging. These areas, also called Forest Exploitation Units, are managed in accordance with the national Forest Code. This data set was produced through a collaboration between the Republic of the Congo Ministry of Forest Economy and WRI for the Forest Atlas of Congo.</gco:CharacterString>
            </abstract>
            <pointOfContact>
                <CI_ResponsibleParty>
                    <contactInfo>
                        <CI_Contact>
                            <onlineResource>
                                <CI_OnlineResource>
                                    <linkage>
                                        <URL>withheld</URL>
                                    </linkage>
                                </CI_OnlineResource>
                            </onlineResource>
                        </CI_Contact>
                    </contactInfo>
                </CI_ResponsibleParty>
            </pointOfContact>
            <resourceMaintenance>
                <MD_MaintenanceInformation>
                    <maintenanceAndUpdateFrequency gco:nilReason="missing"/>
                </MD_MaintenanceInformation>
            </resourceMaintenance>
            <resourceConstraints>
                <MD_Constraints>
                    <useLimitation>
                        <gco:CharacterString>[CC BY 4.0](https://creativecommons.org/licenses/by/4.0/)</gco:CharacterString>
                    </useLimitation>
                </MD_Constraints>
            </resourceConstraints>
            <language gco:nilReason="missing"/>
            <characterSet>
                <MD_CharacterSetCode codeList="http://www.isotc211.org/2005/resources/Codelist/gmxCodelists.xml#MD_CharacterSetCode" codeListValue="utf8" codeSpace="ISOTC211/19115">utf8</MD_CharacterSetCode>
            </characterSet>
            <extent>
                <EX_Extent>
                    <description>
                        <gco:CharacterString>Republic of Congo</gco:CharacterString>
                    </description>
                </EX_Extent>
            </extent>
            <supplementalInformation>
                <gco:CharacterString>&lt;p&gt;&lt;/p&gt;</gco:CharacterString>
            </supplementalInformation>
        </MD_DataIdentification>
    </identificationInfo>
    <distributionInfo>
        <MD_Distribution>
            <transferOptions>
                <MD_DigitalTransferOptions>
                    <onLine>
                        <CI_OnlineResource>
                            <linkage>
                                <URL>http://cog.forest-atlas.org/#l=en</URL>
                            </linkage>
                            <name>
                                <gco:CharacterString>Learn More</gco:CharacterString>
                            </name>
                            <function>
                                <CI_OnLineFunctionCode codeList="http://www.isotc211.org/2005/resources/Codelist/gmxCodelists.xml#CI_OnLineFunctionCode" codeListValue="download" codeSpace="ISOTC211/19115">download</CI_OnLineFunctionCode>
                            </function>
                        </CI_OnlineResource>
                    </onLine>
                    <onLine>
                        <CI_OnlineResource>
                            <linkage>
                                <URL>http://gfw2-data.s3.amazonaws.com/country/cog/zip/cog_logging.zip</URL>
                            </linkage>
                            <name>
                                <gco:CharacterString>Direct Download</gco:CharacterString>
                            </name>
                            <function>
                                <CI_OnLineFunctionCode codeList="http://www.isotc211.org/2005/resources/Codelist/gmxCodelists.xml#CI_OnLineFunctionCode" codeListValue="download" codeSpace="ISOTC211/19115">download</CI_OnLineFunctionCode>
                            </function>
                        </CI_OnlineResource>
                    </onLine>
                    <onLine>
                        <CI_OnlineResource>
                            <linkage>
                                <URL>http://gfw2-data.s3.amazonaws.com/country/cog/zip/cog_logging.zip</URL>
                            </linkage>
                            <name>
                                <gco:CharacterString>Direct Download</gco:CharacterString>
                            </name>
                            <function>
                                <CI_OnLineFunctionCode codeList="http://www.isotc211.org/2005/resources/Codelist/gmxCodelists.xml#CI_OnLineFunctionCode" codeListValue="download" codeSpace="ISOTC211/19115">download</CI_OnLineFunctionCode>
                            </function>
                        </CI_OnlineResource>
                    </onLine>
                    <onLine>
                        <CI_OnlineResource>
                            <linkage>
                                <URL>http://gfw2-data.s3.amazonaws.com/country/cog/zip/cog_logging.zip</URL>
                            </linkage>
                            <name>
                                <gco:CharacterString>Direct Download</gco:CharacterString>
                            </name>
                            <function>
                                <CI_OnLineFunctionCode codeList="http://www.isotc211.org/2005/resources/Codelist/gmxCodelists.xml#CI_OnLineFunctionCode" codeListValue="download" codeSpace="ISOTC211/19115">download</CI_OnLineFunctionCode>
                            </function>
                        </CI_OnlineResource>
                    </onLine>
                    <onLine>
                        <CI_OnlineResource>
                            <linkage>
                                <URL>http://gfw2-data.s3.amazonaws.com/country/cog/zip/cog_logging.zip</URL>
                            </linkage>
                            <name>
                                <gco:CharacterString>Direct Download</gco:CharacterString>
                            </name>
                            <function>
                                <CI_OnLineFunctionCode codeList="http://www.isotc211.org/2005/resources/Codelist/gmxCodelists.xml#CI_OnLineFunctionCode" codeListValue="download" codeSpace="ISOTC211/19115">download</CI_OnLineFunctionCode>
                            </function>
                        </CI_OnlineResource>
                    </onLine>
                    <onLine>
                        <CI_OnlineResource>
                            <linkage>
                                <URL>http://gfw2-data.s3.amazonaws.com/country/cog/zip/cog_logging.zip</URL>
                            </linkage>
                            <name>
                                <gco:CharacterString>Direct Download</gco:CharacterString>
                            </name>
                            <function>
                                <CI_OnLineFunctionCode codeList="http://www.isotc211.org/2005/resources/Codelist/gmxCodelists.xml#CI_OnLineFunctionCode" codeListValue="download" codeSpace="ISOTC211/19115">download</CI_OnLineFunctionCode>
                            </function>
                        </CI_OnlineResource>
                    </onLine>
                    <onLine>
                        <CI_OnlineResource>
                            <linkage>
                                <URL>http://gfw2-data.s3.amazonaws.com/country/cog/zip/cog_logging.zip</URL>
                            </linkage>
                            <name>
                                <gco:CharacterString>Direct Download</gco:CharacterString>
                            </name>
                            <function>
                                <CI_OnLineFunctionCode codeList="http://www.isotc211.org/2005/resources/Codelist/gmxCodelists.xml#CI_OnLineFunctionCode" codeListValue="download" codeSpace="ISOTC211/19115">download</CI_OnLineFunctionCode>
                            </function>
                        </CI_OnlineResource>
                    </onLine>
                    <onLine>
                        <CI_OnlineResource>
                            <linkage>
                                <URL>http://gfw2-data.s3.amazonaws.com/country/cog/zip/cog_logging.zip</URL>
                            </linkage>
                            <name>
                                <gco:CharacterString>Direct Download</gco:CharacterString>
                            </name>
                            <function>
                                <CI_OnLineFunctionCode codeList="http://www.isotc211.org/2005/resources/Codelist/gmxCodelists.xml#CI_OnLineFunctionCode" codeListValue="download" codeSpace="ISOTC211/19115">download</CI_OnLineFunctionCode>
                            </function>
                        </CI_OnlineResource>
                    </onLine>
                    <onLine>
                        <CI_OnlineResource>
                            <linkage>
                                <URL>http://gfw2-data.s3.amazonaws.com/country/cog/zip/cog_logging.zip</URL>
                            </linkage>
                            <name>
                                <gco:CharacterString>Direct Download</gco:CharacterString>
                            </name>
                            <function>
                                <CI_OnLineFunctionCode codeList="http://www.isotc211.org/2005/resources/Codelist/gmxCodelists.xml#CI_OnLineFunctionCode" codeListValue="download" codeSpace="ISOTC211/19115">download</CI_OnLineFunctionCode>
                            </function>
                        </CI_OnlineResource>
                    </onLine>
                    <onLine>
                        <CI_OnlineResource>
                            <linkage>
                                <URL>http://gfw2-data.s3.amazonaws.com/country/cog/zip/cog_logging.zip</URL>
                            </linkage>
                            <name>
                                <gco:CharacterString>Direct Download</gco:CharacterString>
                            </name>
                            <function>
                                <CI_OnLineFunctionCode codeList="http://www.isotc211.org/2005/resources/Codelist/gmxCodelists.xml#CI_OnLineFunctionCode" codeListValue="download" codeSpace="ISOTC211/19115">download</CI_OnLineFunctionCode>
                            </function>
                        </CI_OnlineResource>
                    </onLine>
                    <onLine>
                        <CI_OnlineResource>
                            <linkage>
                                <URL>http://gfw2-data.s3.amazonaws.com/country/cog/zip/cog_logging.zip</URL>
                            </linkage>
                            <name>
                                <gco:CharacterString>Direct Download</gco:CharacterString>
                            </name>
                            <function>
                                <CI_OnLineFunctionCode codeList="http://www.isotc211.org/2005/resources/Codelist/gmxCodelists.xml#CI_OnLineFunctionCode" codeListValue="download" codeSpace="ISOTC211/19115">download</CI_OnLineFunctionCode>
                            </function>
                        </CI_OnlineResource>
                    </onLine>
                    <onLine>
                        <CI_OnlineResource>
                            <linkage>
                                <URL>http://gfw2-data.s3.amazonaws.com/country/cog/zip/cog_logging.zip</URL>
                            </linkage>
                            <name>
                                <gco:CharacterString>Direct Download</gco:CharacterString>
                            </name>
                            <function>
                                <CI_OnLineFunctionCode codeList="http://www.isotc211.org/2005/resources/Codelist/gmxCodelists.xml#CI_OnLineFunctionCode" codeListValue="download" codeSpace="ISOTC211/19115">download</CI_OnLineFunctionCode>
                            </function>
                        </CI_OnlineResource>
                    </onLine>
                    <onLine>
                        <CI_OnlineResource>
                            <linkage>
                                <URL>http://gfw2-data.s3.amazonaws.com/country/cog/zip/cog_logging.zip</URL>
                            </linkage>
                            <name>
                                <gco:CharacterString>Direct Download</gco:CharacterString>
                            </name>
                            <function>
                                <CI_OnLineFunctionCode codeList="http://www.isotc211.org/2005/resources/Codelist/gmxCodelists.xml#CI_OnLineFunctionCode" codeListValue="download" codeSpace="ISOTC211/19115">download</CI_OnLineFunctionCode>
                            </function>
                        </CI_OnlineResource>
                    </onLine>
                    <onLine>
                        <CI_OnlineResource>
                            <linkage>
                                <URL>http://gfw2-data.s3.amazonaws.com/country/cog/zip/cog_logging.zip</URL>
                            </linkage>
                            <name>
                                <gco:CharacterString>Direct Download</gco:CharacterString>
                            </name>
                            <function>
                                <CI_OnLineFunctionCode codeList="http://www.isotc211.org/2005/resources/Codelist/gmxCodelists.xml#CI_OnLineFunctionCode" codeListValue="download" codeSpace="ISOTC211/19115">download</CI_OnLineFunctionCode>
                            </function>
                        </CI_OnlineResource>
                    </onLine>
                    <onLine>
                        <CI_OnlineResource>
                            <linkage>
                                <URL>http://gfw2-data.s3.amazonaws.com/country/cog/zip/cog_logging.zip</URL>
                            </linkage>
                            <name>
                                <gco:CharacterString>Direct Download</gco:CharacterString>
                            </name>
                            <function>
                                <CI_OnLineFunctionCode codeList="http://www.isotc211.org/2005/resources/Codelist/gmxCodelists.xml#CI_OnLineFunctionCode" codeListValue="download" codeSpace="ISOTC211/19115">download</CI_OnLineFunctionCode>
                            </function>
                        </CI_OnlineResource>
                    </onLine>
                    <onLine>
                        <CI_OnlineResource>
                            <linkage>
                                <URL>http://gfw2-data.s3.amazonaws.com/country/cog/zip/cog_logging.zip</URL>
                            </linkage>
                            <name>
                                <gco:CharacterString>Direct Download</gco:CharacterString>
                            </name>
                            <function>
                                <CI_OnLineFunctionCode codeList="http://www.isotc211.org/2005/resources/Codelist/gmxCodelists.xml#CI_OnLineFunctionCode" codeListValue="download" codeSpace="ISOTC211/19115">download</CI_OnLineFunctionCode>
                            </function>
                        </CI_OnlineResource>
                    </onLine>
                    <onLine>
                        <CI_OnlineResource>
                            <linkage>
                                <URL>http://gfw2-data.s3.amazonaws.com/country/cog/zip/cog_logging.zip</URL>
                            </linkage>
                            <name>
                                <gco:CharacterString>Direct Download</gco:CharacterString>
                            </name>
                            <function>
                                <CI_OnLineFunctionCode codeList="http://www.isotc211.org/2005/resources/Codelist/gmxCodelists.xml#CI_OnLineFunctionCode" codeListValue="download" codeSpace="ISOTC211/19115">download</CI_OnLineFunctionCode>
                            </function>
                        </CI_OnlineResource>
                    </onLine>
                    <onLine>
                        <CI_OnlineResource>
                            <linkage>
                                <URL>http://gfw2-data.s3.amazonaws.com/country/cog/zip/cog_logging.zip</URL>
                            </linkage>
                            <name>
                                <gco:CharacterString>Direct Download</gco:CharacterString>
                            </name>
                            <function>
                                <CI_OnLineFunctionCode codeList="http://www.isotc211.org/2005/resources/Codelist/gmxCodelists.xml#CI_OnLineFunctionCode" codeListValue="download" codeSpace="ISOTC211/19115">download</CI_OnLineFunctionCode>
                            </function>
                        </CI_OnlineResource>
                    </onLine>
                    <onLine>
                        <CI_OnlineResource>
                            <linkage>
                                <URL>http://gfw2-data.s3.amazonaws.com/country/cog/zip/cog_logging.zip</URL>
                            </linkage>
                            <name>
                                <gco:CharacterString>Direct Download</gco:CharacterString>
                            </name>
                            <function>
                                <CI_OnLineFunctionCode codeList="http://www.isotc211.org/2005/resources/Codelist/gmxCodelists.xml#CI_OnLineFunctionCode" codeListValue="download" codeSpace="ISOTC211/19115">download</CI_OnLineFunctionCode>
                            </function>
                        </CI_OnlineResource>
                    </onLine>
                    <onLine>
                        <CI_OnlineResource>
                            <linkage>
                                <URL>http://gfw2-data.s3.amazonaws.com/country/cog/zip/cog_logging.zip</URL>
                            </linkage>
                            <name>
                                <gco:CharacterString>Direct Download</gco:CharacterString>
                            </name>
                            <function>
                                <CI_OnLineFunctionCode codeList="http://www.isotc211.org/2005/resources/Codelist/gmxCodelists.xml#CI_OnLineFunctionCode" codeListValue="download" codeSpace="ISOTC211/19115">download</CI_OnLineFunctionCode>
                            </function>
                        </CI_OnlineResource>
                    </onLine>
                    <onLine>
                        <CI_OnlineResource>
                            <linkage>
                                <URL>http://gfw2-data.s3.amazonaws.com/country/cog/zip/cog_logging.zip</URL>
                            </linkage>
                            <name>
                                <gco:CharacterString>Direct Download</gco:CharacterString>
                            </name>
                            <function>
                                <CI_OnLineFunctionCode codeList="http://www.isotc211.org/2005/resources/Codelist/gmxCodelists.xml#CI_OnLineFunctionCode" codeListValue="download" codeSpace="ISOTC211/19115">download</CI_OnLineFunctionCode>
                            </function>
                        </CI_OnlineResource>
                    </onLine>
                    <onLine>
                        <CI_OnlineResource>
                            <linkage>
                                <URL>http://gfw2-data.s3.amazonaws.com/country/cog/zip/cog_logging.zip</URL>
                            </linkage>
                            <name>
                                <gco:CharacterString>Direct Download</gco:CharacterString>
                            </name>
                            <function>
                                <CI_OnLineFunctionCode codeList="http://www.isotc211.org/2005/resources/Codelist/gmxCodelists.xml#CI_OnLineFunctionCode" codeListValue="download" codeSpace="ISOTC211/19115">download</CI_OnLineFunctionCode>
                            </function>
                        </CI_OnlineResource>
                    </onLine>
                    <onLine>
                        <CI_OnlineResource>
                            <linkage>
                                <URL>http://gfw2-data.s3.amazonaws.com/country/cog/zip/cog_logging.zip</URL>
                            </linkage>
                            <name>
                                <gco:CharacterString>Direct Download</gco:CharacterString>
                            </name>
                            <function>
                                <CI_OnLineFunctionCode codeList="http://www.isotc211.org/2005/resources/Codelist/gmxCodelists.xml#CI_OnLineFunctionCode" codeListValue="download" codeSpace="ISOTC211/19115">download</CI_OnLineFunctionCode>
                            </function>
                        </CI_OnlineResource>
                    </onLine>
                    <onLine>
                        <CI_OnlineResource>
                            <linkage>
                                <URL>http://gfw2-data.s3.amazonaws.com/country/cog/zip/cog_logging.zip</URL>
                            </linkage>
                            <name>
                                <gco:CharacterString>Direct Download</gco:CharacterString>
                            </name>
                            <function>
                                <CI_OnLineFunctionCode codeList="http://www.isotc211.org/2005/resources/Codelist/gmxCodelists.xml#CI_OnLineFunctionCode" codeListValue="download" codeSpace="ISOTC211/19115">download</CI_OnLineFunctionCode>
                            </function>
                        </CI_OnlineResource>
                    </onLine>
                    <onLine>
                        <CI_OnlineResource>
                            <linkage>
                                <URL>http://gfw2-data.s3.amazonaws.com/country/cog/zip/cog_logging.zip</URL>
                            </linkage>
                            <name>
                                <gco:CharacterString>Direct Download</gco:CharacterString>
                            </name>
                            <function>
                                <CI_OnLineFunctionCode codeList="http://www.isotc211.org/2005/resources/Codelist/gmxCodelists.xml#CI_OnLineFunctionCode" codeListValue="download" codeSpace="ISOTC211/19115">download</CI_OnLineFunctionCode>
                            </function>
                        </CI_OnlineResource>
                    </onLine>
                    <onLine>
                        <CI_OnlineResource>
                            <linkage>
                                <URL>http://gfw2-data.s3.amazonaws.com/country/cog/zip/cog_logging.zip</URL>
                            </linkage>
                            <name>
                                <gco:CharacterString>Direct Download</gco:CharacterString>
                            </name>
                            <function>
                                <CI_OnLineFunctionCode codeList="http://www.isotc211.org/2005/resources/Codelist/gmxCodelists.xml#CI_OnLineFunctionCode" codeListValue="download" codeSpace="ISOTC211/19115">download</CI_OnLineFunctionCode>
                            </function>
                        </CI_OnlineResource>
                    </onLine>
                    <onLine>
                        <CI_OnlineResource>
                            <linkage>
                                <URL>http://gfw2-data.s3.amazonaws.com/country/cog/zip/cog_logging.zip</URL>
                            </linkage>
                            <name>
                                <gco:CharacterString>Direct Download</gco:CharacterString>
                            </name>
                            <function>
                                <CI_OnLineFunctionCode codeList="http://www.isotc211.org/2005/resources/Codelist/gmxCodelists.xml#CI_OnLineFunctionCode" codeListValue="download" codeSpace="ISOTC211/19115">download</CI_OnLineFunctionCode>
                            </function>
                        </CI_OnlineResource>
                    </onLine>
                    <onLine>
                        <CI_OnlineResource>
                            <linkage>
                                <URL>http://gfw2-data.s3.amazonaws.com/country/cog/zip/cog_logging.zip</URL>
                            </linkage>
                            <name>
                                <gco:CharacterString>Direct Download</gco:CharacterString>
                            </name>
                            <function>
                                <CI_OnLineFunctionCode codeList="http://www.isotc211.org/2005/resources/Codelist/gmxCodelists.xml#CI_OnLineFunctionCode" codeListValue="download" codeSpace="ISOTC211/19115">download</CI_OnLineFunctionCode>
                            </function>
                        </CI_OnlineResource>
                    </onLine>
                </MD_DigitalTransferOptions>
            </transferOptions>
        </MD_Distribution>
    </distributionInfo>
    <dataQualityInfo>
        <DQ_DataQuality>
            <scope gco:nilReason="missing"/>
            <lineage>
                <LI_Lineage>
                    <source>
                        <LI_Source>
                            <description>
                                <gco:CharacterString>Republic of the Congo Ministry of Forest Economy (MEF), National Center for Inventory and Planning of Forest and Wildlife Resources (CNIAF), World Resources Institute.</gco:CharacterString>
                            </description>
                            <sourceReferenceSystem>
                                <MD_ReferenceSystem>
                                    <referenceSystemIdentifier>
                                        <RS_Identifier>
                                            <authority>
                                                <CI_Citation>
                                                    <title gco:nilReason="missing"/>
                                                    <date gco:nilReason="missing"/>
                                                </CI_Citation>
                                            </authority>
                                            <code gco:nilReason="missing"/>
                                        </RS_Identifier>
                                    </referenceSystemIdentifier>
                                </MD_ReferenceSystem>
                            </sourceReferenceSystem>
                        </LI_Source>
                    </source>
                </LI_Lineage>
            </lineage>
        </DQ_DataQuality>
    </dataQualityInfo>
</MD_Metadata>
